<?xml version="1.0" encoding="UTF-8"?>
<configurationDescriptor version="62">
  <logicalFolder name="root" displayName="root" projectFiles="true">
    <logicalFolder name="LoadableFiles"
                   displayName="Loadable Files"
                   projectFiles="true">
      <itemPath>../Demo1-MEB.X.production.hex</itemPath>
    </logicalFolder>
    <logicalFolder name="Important Files"
                   displayName="Important Files"
                   projectFiles="false">
    </logicalFolder>
  </logicalFolder>
  <projectmakefile>Makefile</projectmakefile>
  <confs>
    <conf name="default" type="4">
      <toolsSet>
        <developmentServer>localhost</developmentServer>
        <targetDevice>PIC32MX795F512L</targetDevice>
        <targetHeader></targetHeader>
        <platformTool>SKDEPIC32PlatformTool</platformTool>
        <languageToolchain></languageToolchain>
        <languageToolchainVersion></languageToolchainVersion>
        <platform>2</platform>
      </toolsSet>
      <compileType>
      </compileType>
      <makeCustomizationType>
        <makeCustomizationPreStepEnabled>false</makeCustomizationPreStepEnabled>
        <makeCustomizationPreStep></makeCustomizationPreStep>
        <makeCustomizationPostStepEnabled>false</makeCustomizationPostStepEnabled>
        <makeCustomizationPostStep></makeCustomizationPostStep>
        <makeCustomizationAlternativeFileToLoadEnabled>false</makeCustomizationAlternativeFileToLoadEnabled>
        <makeCustomizationAlternativeFileToLoad></makeCustomizationAlternativeFileToLoad>
        <makeCustomizationPutChecksumInUserID>false</makeCustomizationPutChecksumInUserID>
      </makeCustomizationType>
      <SKDEPIC32PlatformTool>
      </SKDEPIC32PlatformTool>
    </conf>
  </confs>
</configurationDescriptor>
