<?xml version="1.0" encoding="UTF-8"?>
<project-private xmlns="http://www.netbeans.org/ns/project-private/1">
    <editor-bookmarks xmlns="http://www.netbeans.org/ns/editor-bookmarks/1"/>
    <open-files xmlns="http://www.netbeans.org/ns/projectui-open-files/1">
        <file>file:/media/nfsUbuMediaShare/varie/pic/Software/Pic/VGDDDemo/Demo1-MEB/VGDD_VGDD_Demo1_Screens.c</file>
        <file>file:/media/nfsUbuMediaShare/varie/pic/Software/Pic/VGDDDemo/Demo1-MEB/VGDDmain.c</file>
        <file>file:/media/nfsUbuMediaShare/varie/pic/Software/Pic/Microchip%20Solutions/Board%20Support%20Package/TouchScreenResistive.c</file>
        <file>file:/media/nfsUbuMediaShare/varie/pic/Software/Pic/VGDDDemo/Demo1-MEB/PutImageFromSD.c</file>
        <file>file:/media/nfsUbuMediaShare/varie/pic/Software/Pic/VGDDDemo/Demo1-MEB/PutImageFromSD.h</file>
        <file>file:/media/nfsUbuMediaShare/varie/pic/Software/Pic/VGDDDemo/Demo1-MEB/HardwareProfile.h</file>
    </open-files>
</project-private>
