<?xml version="1.0" encoding="UTF-8"?>
<configurationDescriptor version="62">
  <logicalFolder name="root" displayName="root" projectFiles="true">
    <logicalFolder name="HeaderFiles"
                   displayName="Header Files"
                   projectFiles="true">
      <logicalFolder name="BoardSupportPackage"
                     displayName="Board Support Package"
                     projectFiles="true">
        <itemPath>../../../Microchip Solutions/Board Support Package/SST25VF016.h</itemPath>
        <itemPath>../../../Microchip Solutions/Board Support Package/TouchScreen.h</itemPath>
        <itemPath>../../../Microchip Solutions/Board Support Package/TouchScreenResistive.h</itemPath>
        <itemPath>../../../Microchip Solutions/Board Support Package/drv_spi.h</itemPath>
      </logicalFolder>
      <logicalFolder name="DisplayDriver"
                     displayName="Display Driver"
                     projectFiles="true">
        <itemPath>../../../Microchip Solutions/Microchip/Include/Graphics/DisplayDriver.h</itemPath>
        <itemPath>../../../Microchip Solutions/Microchip/Include/Graphics/SSD1926.h</itemPath>
      </logicalFolder>
      <logicalFolder name="Graphics" displayName="Graphics" projectFiles="true">
        <itemPath>../../../Microchip Solutions/Microchip/Include/Graphics/Graphics.h</itemPath>
        <itemPath>../../../Microchip Solutions/Microchip/Include/Graphics/GOL.h</itemPath>
        <itemPath>../../../Microchip Solutions/Microchip/Include/Graphics/Primitive.h</itemPath>
        <itemPath>../../../Microchip Solutions/Microchip/Include/Graphics/Button.h</itemPath>
        <itemPath>../../../Microchip Solutions/Microchip/Include/Graphics/Chart.h</itemPath>
        <itemPath>../../../Microchip Solutions/Microchip/Include/Graphics/CheckBox.h</itemPath>
        <itemPath>../../../Microchip Solutions/Microchip/Include/Graphics/EditBox.h</itemPath>
        <itemPath>../../../Microchip Solutions/Microchip/Include/Graphics/Grid.h</itemPath>
        <itemPath>../../../Microchip Solutions/Microchip/Include/Graphics/GroupBox.h</itemPath>
        <itemPath>../../../Microchip Solutions/Microchip/Include/Graphics/ListBox.h</itemPath>
        <itemPath>../../../Microchip Solutions/Microchip/Include/Graphics/Meter.h</itemPath>
        <itemPath>../../../Microchip Solutions/Microchip/Include/Graphics/Picture.h</itemPath>
        <itemPath>../../../Microchip Solutions/Microchip/Include/Graphics/RadioButton.h</itemPath>
        <itemPath>../../../Microchip Solutions/Microchip/Include/Graphics/Slider.h</itemPath>
        <itemPath>../../../Microchip Solutions/Microchip/Include/Graphics/StaticText.h</itemPath>
        <itemPath>../../../Microchip Solutions/Microchip/Include/Graphics/Window.h</itemPath>
      </logicalFolder>
      <logicalFolder name="MDDFileSystem"
                     displayName="MDD File System"
                     projectFiles="true">
        <itemPath>../../../Microchip Solutions/Microchip/Include/MDD File System/FSIO.h</itemPath>
        <itemPath>../../../Microchip Solutions/Microchip/Include/MDD File System/FSDefs.h</itemPath>
        <itemPath>../../../Microchip Solutions/Microchip/Include/MDD File System/SD-SPI.h</itemPath>
        <itemPath>../FSconfig.h</itemPath>
      </logicalFolder>
      <logicalFolder name="USB" displayName="USB" projectFiles="true">
        <itemPath>../../../Microchip Solutions/Microchip/Include/USB/usb.h</itemPath>
        <itemPath>../../../Microchip Solutions/Microchip/USB/usb_host_local.h</itemPath>
        <itemPath>../../../Microchip Solutions/Microchip/USB/usb_hal_local.h</itemPath>
        <itemPath>../../../Microchip Solutions/Microchip/Include/USB/usb_common.h</itemPath>
        <itemPath>../../../Microchip Solutions/Microchip/Include/USB/usb_ch9.h</itemPath>
        <itemPath>../../../Microchip Solutions/Microchip/Include/USB/usb_host.h</itemPath>
        <itemPath>../../../Microchip Solutions/Microchip/Include/USB/usb_hal.h</itemPath>
      </logicalFolder>
      <logicalFolder name="VGDD" displayName="VGDD" projectFiles="true">
        <itemPath>../../../Microchip Solutions/Microchip/VGDD/SuperGauge.h</itemPath>
        <itemPath>../VGDD_VGDD_Demo1_Screens.h</itemPath>
        <itemPath>../VGDD_VGDD_Demo1_ScreenStates.h</itemPath>
        <itemPath>../VGDD_VGDD_Demo1_EventsHelper.h</itemPath>
        <itemPath>../VGDDmain.h</itemPath>
        <itemPath>../PutImageFromSD.h</itemPath>
      </logicalFolder>
      <itemPath>../GraphicsConfig.h</itemPath>
      <itemPath>../HardwareProfile.h</itemPath>
      <itemPath>../rtcc.h</itemPath>
      <itemPath>../usb_config.h</itemPath>
    </logicalFolder>
    <logicalFolder name="LinkerScript"
                   displayName="Linker Files"
                   projectFiles="true">
    </logicalFolder>
    <logicalFolder name="SourceFiles"
                   displayName="Source Files"
                   projectFiles="true">
      <logicalFolder name="BoardSupportPackage"
                     displayName="Board Support Package"
                     projectFiles="true">
        <itemPath>../../../Microchip Solutions/Board Support Package/cpld.c</itemPath>
        <itemPath>../../../Microchip Solutions/Board Support Package/TouchScreen.c</itemPath>
        <itemPath>../../../Microchip Solutions/Board Support Package/TouchScreenResistive.c</itemPath>
        <itemPath>../../../Microchip Solutions/Board Support Package/SST25VF016.c</itemPath>
        <itemPath>../../../Microchip Solutions/Board Support Package/drv_spi.c</itemPath>
      </logicalFolder>
      <logicalFolder name="Common" displayName="Common" projectFiles="true">
        <itemPath>../../../Microchip Solutions/Microchip/Common/TimeDelay.c</itemPath>
      </logicalFolder>
      <logicalFolder name="DisplayDriver"
                     displayName="Display Driver"
                     projectFiles="true">
        <itemPath>../../../Microchip Solutions/Microchip/Graphics/Drivers/SSD1926.c</itemPath>
        <itemPath>../../../Microchip Solutions/Microchip/Graphics/Drivers/TCON_SSD1289.c</itemPath>
        <itemPath>../../../Microchip Solutions/Microchip/Graphics/Drivers/gfxepmp.c</itemPath>
      </logicalFolder>
      <logicalFolder name="Graphics" displayName="Graphics" projectFiles="true">
        <itemPath>../../../Microchip Solutions/Microchip/Graphics/GOL.c</itemPath>
        <itemPath>../../../Microchip Solutions/Microchip/Graphics/Primitive.c</itemPath>
        <itemPath>../../../Microchip Solutions/Microchip/Graphics/GOLFontDefault.c</itemPath>
        <itemPath>../../../Microchip Solutions/Microchip/Graphics/GOLSchemeDefault.c</itemPath>
        <itemPath>../../../Microchip Solutions/Microchip/Graphics/Button.c</itemPath>
        <itemPath>../../../Microchip Solutions/Microchip/Graphics/CheckBox.c</itemPath>
        <itemPath>../../../Microchip Solutions/Microchip/Graphics/EditBox.c</itemPath>
        <itemPath>../../../Microchip Solutions/Microchip/Graphics/Grid.c</itemPath>
        <itemPath>../../../Microchip Solutions/Microchip/Graphics/GroupBox.c</itemPath>
        <itemPath>../../../Microchip Solutions/Microchip/Graphics/ListBox.c</itemPath>
        <itemPath>../../../Microchip Solutions/Microchip/Graphics/Meter.c</itemPath>
        <itemPath>../../../Microchip Solutions/Microchip/Graphics/Picture.c</itemPath>
        <itemPath>../../../Microchip Solutions/Microchip/Graphics/RadioButton.c</itemPath>
        <itemPath>../../../Microchip Solutions/Microchip/Graphics/Slider.c</itemPath>
        <itemPath>../../../Microchip Solutions/Microchip/Graphics/StaticText.c</itemPath>
        <itemPath>../../../Microchip Solutions/Microchip/Graphics/Window.c</itemPath>
        <itemPath>../../../Microchip Solutions/Microchip/Graphics/ProgressBar.c</itemPath>
        <itemPath>../../../Microchip Solutions/Microchip/Graphics/RoundDial.c</itemPath>
      </logicalFolder>
      <logicalFolder name="MDDFileSystem"
                     displayName="MDD File System"
                     projectFiles="true">
        <itemPath>../../../Microchip Solutions/Microchip/MDD File System/FSIO.c</itemPath>
      </logicalFolder>
      <logicalFolder name="USB" displayName="USB" projectFiles="true">
        <itemPath>../../../Microchip Solutions/Microchip/USB/usb_host.c</itemPath>
        <itemPath>../../../Microchip Solutions/Microchip/USB/MSD Host Driver/usb_host_msd.c</itemPath>
        <itemPath>../../../Microchip Solutions/Microchip/USB/MSD Host Driver/usb_host_msd_scsi.c</itemPath>
      </logicalFolder>
      <logicalFolder name="VGDD" displayName="VGDD" projectFiles="true">
        <itemPath>../VGDD_VGDD_Demo1_Screens.c</itemPath>
        <itemPath>../VGDDmain.c</itemPath>
        <itemPath>../PutImageFromSD.c</itemPath>
      </logicalFolder>
      <itemPath>../rtcc.c</itemPath>
      <itemPath>../usb_config.c</itemPath>
    </logicalFolder>
    <logicalFolder name="ExternalFiles"
                   displayName="Important Files"
                   projectFiles="false">
      <itemPath>Makefile</itemPath>
    </logicalFolder>
  </logicalFolder>
  <projectmakefile>Makefile</projectmakefile>
  <confs>
    <conf name="default" type="2">
      <toolsSet>
        <developmentServer>localhost</developmentServer>
        <targetDevice>PIC32MX795F512L</targetDevice>
        <targetHeader></targetHeader>
        <platformTool>SKDEPIC32PlatformTool</platformTool>
        <languageToolchain>C32</languageToolchain>
        <languageToolchainVersion>2.00</languageToolchainVersion>
        <platform>2</platform>
      </toolsSet>
      <compileType>
        <linkerTool>
          <linkerLibItems>
            <linkerLibFileItem>../../../Microchip Solutions/Microchip/VGDD/VWidgetsLibC32MultiByte.a</linkerLibFileItem>
            <linkerLibFileItem>../../../Microchip Solutions/Microchip/VGDD/VWidgetsLibC30MultiByte.a</linkerLibFileItem>
          </linkerLibItems>
        </linkerTool>
      </compileType>
      <makeCustomizationType>
        <makeCustomizationPreStepEnabled>false</makeCustomizationPreStepEnabled>
        <makeCustomizationPreStep>
        </makeCustomizationPreStep>
        <makeCustomizationPostStepEnabled>false</makeCustomizationPostStepEnabled>
        <makeCustomizationPostStep>
        </makeCustomizationPostStep>
        <makeCustomizationAlternativeFileToLoadEnabled>false</makeCustomizationAlternativeFileToLoadEnabled>
        <makeCustomizationAlternativeFileToLoad>
        </makeCustomizationAlternativeFileToLoad>
        <makeCustomizationPutChecksumInUserID>false</makeCustomizationPutChecksumInUserID>
      </makeCustomizationType>
      <C32>
        <property key="extra-include-directories"
                  value="..;../../../Microchip Solutions/Microchip/Graphics/Common;../../../Microchip Solutions/Board Support Package;../../../Microchip Solutions/Microchip/Include;../../../Microchip Solutions/Microchip/Include/Graphics;"/>
      </C32>
      <C32-AS>
      </C32-AS>
      <C32-LD>
        <property key="heap-size" value="3000"/>
      </C32-LD>
      <C32Global>
      </C32Global>
      <SKDEPIC32PlatformTool>
      </SKDEPIC32PlatformTool>
    </conf>
  </confs>
</configurationDescriptor>
